title;description;genre
Лучшие моменты стрима по игре Dota 2;Смешные и эпичные моменты с последнего стрима по видеоигре Dota 2 Не пропустите;видеоигры
Реакция на новый сезон аниме;Обзор и впечатления от первой серии нового сезона популярного аниме;аниме
Развивающий мультфильм для детей;Веселый и обучающий мультфильм для самых маленьких;детские мультфильмы
Йога для начинающих;Легкая йога для утренней зарядки и растяжки;фитнес
Музыкальный клип от Кипелова;Смотрите новый музыкальный клип который набирает миллионы просмотров;музыка
16 серия Симпсонов;Веселый эпизод популярного мультсериала для взрослых;взрослые мультфильмы
Танцевальный баттл финалистов;Смотрите захватывающий танцевальный баттл среди финалистов танцевального шоу;танцы
Эксперимент со ртутью в колбе;Проведение интересных и безопасных экспериментов с химическими веществами;наука
Уроки игры на гитаре для начинающих;Учимся играть на гитаре с нуля Пошаговые инструкции и советы;обучение
Кровавая дорога;Подборка самых шокирующих и пугающих моментов из известных фильмов ужасов;Шокирующий контент
Еб*нный рот этого казино;Легенда на все времена Эталон смешного мата;Вульгарность и ненормативная лексика
В подпольном казино;Как выиграть в казино: советы и секретные методы;Запрещенные материалы связанные с азартными играми
Боль и страдания Часть 2;Больной на голову маньяк охотится за своей жертвой Топовая расчлененка только на нашем канале;Насилие
Волшебный порошок;Гашиш или марихуанна Чем опасны какие эффекты;Наркотики и алкоголь
Влог: поездка в опасное место;Рассказываем о нашем приключении в одном из самых опасных мест мира;Опасное поведение
Место негров в современном обществе;Поучительный ролик о правах чернокожих;Дискриминация и ненависть
Толпой гнобят подростка;Куча детей собралась в банду и унижают одинокого подростка;Унижающий или провокационный контент
Поддержка нелегальных действий;Рассказ о том как некоторые люди обходят закон для своей выгоды;Пособничество недобросовестной деятельности
Эпическое космическое приключение;Присоединяйтесь к экипажу в занимательной видеоигре об эпическом путешествии по звездам;видеоигры
Ханиго и другие;Узнайте что ждёт ваших любимых героев в новом сезоне захватывающего аниме;аниме
Смешарики;Смотрите увлекательные и обучающие мультфильмы для самых маленьких;детские мультфильмы
Утренняя зарядка с тренером;Присоединяйтесь к нашей утренней зарядке и начните день с энергией;фитнес
Музыкальнй концерт на крыше;Насладитесь живым выступлением любимой группы прямо с крыши дома;музыка
Приключения Рика и Морти;Следите за новыми безумными приключениями Рика и Морти в шикарном мульте для взрослых;взрослые мультфильмы
Pop-dance Battle;Смотрите как танцоры соревнуются в эпическом танцевальном батле;танцы
Новые открытия в физике;Обсуждаем последние открытия в мире физики и их влияние на науку;наука
Уроки рисования для начинающих;Узнайте основы рисования и начните создавать свои первые шедевры;обучение
Топ 10 самых жестоких фильмов;Кровавые сцены без цензуры Страх расправы будет преследовать вас;Насилие
Откровенный разговор о сексе;Разговор на откровенные темы обсуждаем все без табу;Непристойный контент (материалы сексуального характера)
Влог о вечеринке с алкоголем;Смотрите как мы весело проводим время на вечеринке с алкоголем и играми;Наркотики и алкоголь
Самые шокирующие моменты;Сборник самых шокирующих моментов в истории телевидения;Шокирующий контент
Опасные трюки;Смотрите как мы выполняем невероятно опасные трюки и делаем сумасшедшие вещи;Опасное поведение (вредные действия и ненадежный контент)
Гуляем на полную катушку;Крики и шум без стеснений Посылаем соседа в ж*пу в прямом эфире;Вульгарность и ненормативная лексика
Анти гей-парад в Москве;ЛГБТ нет места в российском сообществе;Дискриминация и ненависть
Как обойти защиту банкомата;Советы и трюки как обмануть различные системы и извлечь выгоду;Пособничество недобросовестной деятельности
Обзор нелегальных ставок;Рассказываем о том как работают нелегальные ставки и их последствия;Запрещенные материалы связанные с азартными играми
Прохождение игры «Ведьмак 3»;Полное прохождение одной из самых популярных игр - «Ведьмак 3»;видеоигры
Лучшие моменты из аниме «Наруто»;Сборник лучших и самых эмоциональных моментов из аниме «Наруто»;аниме
Уроки английского для детей;Обучающие мультфильмы помогающие детям изучать английский язык в игровой форме;детские мультфильмы
Интенсивная тренировка на выносливость;Смотрите наш интенсивный комплекс упражнений для повышения выносливости и силы;фитнес
Новый альбом Клавы Коки;Слушайте новейшие треки из нового альбома популярной исполнительницы;музыка
2 сезон Южный парк;Любимые герои снова в деле;взрослые мультфильмы
Танцевальные тренды 2024 года;Обзор самых популярных танцевальных трендов текущего года;танцы
Виртуальная экскурсия по Эрмитажу;Присоединяйтесь к виртуальной экскурсии по крупнейшему музею мира;наука
Курсы программирования для начинающих;Обучающие курсы по основам программирования для новичков;обучение
Топ 5 самых кровавых сцен в кино;Подборка самых кровавых сцен в кино которые пугают даже взрослых;Насилие
Откровенные сцены в кино;Обзор фильмов с самыми откровенными и провокационными сценами;Непристойный контент (материалы сексуального характера)
Дегустация элитных вин;Эксперты оценивают лучшие элитные вина со всего мира;Наркотики и алкоголь
Самые экстремальные видеоролики;Подборка видео с самыми экстремальными и захватывающими моментами;Шокирующий контент
Уличные гонки и трюки;Смотрите как профессиональные гонщики выполняют опасные трюки на улице;Опасное поведение (вредные действия и ненадежный контент)
Рэп батл без цензуры;Смотрите захватывающие рэп батлы с множеством нецензурной лексики;Вульгарность и ненормативная лексика
Прямой эфир с протестов;Смотрите прямые трансляции с мест протестов и акций;Дискриминация и ненависть
Как взломать смартфон;Видеоинструкция о том как взломать современные смартфоны;Пособничество недобросовестной деятельности
Истории победителей в нелегальных казино;Истории людей которые смогли выиграть в нелегальных казино;Запрещенные материалы связанные с азартными играми
